{
    "test_loss": 0.03223782777786255,
    "test_accuracy": 0.992344706911636,
    "test_f1": 0.9710664094791953,
    "test_precision": 0.9705315340126687,
    "test_recall": 0.9716018748276812,
    "test_runtime": 927.4611,
    "test_samples_per_second": 29.58,
    "test_steps_per_second": 1.233
}