{
    "test_loss": 0.3300708532333374,
    "test_accuracy": 0.938508064516129,
    "test_f1": 0.758893280632411,
    "test_precision": 0.8112676056338028,
    "test_recall": 0.7128712871287128,
    "test_runtime": 55.1158,
    "test_samples_per_second": 54.431,
    "test_steps_per_second": 1.706
}