{
    "test_loss": 0.1830308884382248,
    "test_accuracy": 0.97,
    "test_f1": 0.8894348894348894,
    "test_precision": 0.8850855745721271,
    "test_recall": 0.8938271604938272,
    "test_runtime": 1018.6736,
    "test_samples_per_second": 2.945,
    "test_steps_per_second": 0.368
}