{
    "test_loss": 0.2200370728969574,
    "test_accuracy": 0.9736666666666667,
    "test_f1": 0.8922237380627557,
    "test_precision": 0.9008264462809917,
    "test_recall": 0.8837837837837837,
    "test_runtime": 395.029,
    "test_samples_per_second": 7.594,
    "test_steps_per_second": 0.949
}