{
    "test_loss": 0.3489069938659668,
    "test_accuracy": 0.9303333333333333,
    "test_f1": 0.7239101717305153,
    "test_precision": 0.7784090909090909,
    "test_recall": 0.6765432098765433,
    "test_runtime": 391.6284,
    "test_samples_per_second": 7.66,
    "test_steps_per_second": 2.553
}