{
    "test_loss": 0.023555941879749298,
    "test_accuracy": 0.9975,
    "test_f1": 0.9859375,
    "test_precision": 0.9890282131661442,
    "test_recall": 0.9828660436137072,
    "test_runtime": 337.388,
    "test_samples_per_second": 42.716,
    "test_steps_per_second": 1.337
}