{
    "test_loss": 0.15930277109146118,
    "test_accuracy": 0.9853333333333333,
    "test_f1": 0.9157088122605364,
    "test_precision": 0.9637096774193549,
    "test_recall": 0.8722627737226277,
    "test_runtime": 692.9422,
    "test_samples_per_second": 4.329,
    "test_steps_per_second": 1.443
}