{
    "test_loss": 0.040519461035728455,
    "test_accuracy": 0.9919612436115843,
    "test_f1": 0.9685482191210165,
    "test_precision": 0.9663341645885287,
    "test_recall": 0.9707724425887265,
    "test_runtime": 799.2497,
    "test_samples_per_second": 23.54,
    "test_steps_per_second": 0.736
}